날짜,홍보처 원본 기사,서버 후보 기사,AI 선정 기사,URL 일치,제목 일치,정확 일치,동일 주제·대표 매체 차이,총 일치,AI/정책 제외,일반 재수집 후보,날짜 범위 후보 확보,후보 내 비교 대상,원본 기준 일치 실패,서버만 선정,일반 재수집률(%),날짜 범위 후보율(%),URL 일치율(%),정확 일치율(%),주제 포함 일치율(%),후보 내 AI 재현율(%),선택 기사 정확도(%)
2025-04-08,9,10,4,2,0,2,0,2,4,1,6,6,7,2,11.1,66.7,22.2,22.2,22.2,33.3,50.0
2025-04-10,9,9,9,9,0,9,0,9,0,0,9,9,0,0,0.0,100.0,100.0,100.0,100.0,100.0,100.0
2025-04-14,10,4,3,2,0,2,0,2,1,0,3,3,8,1,0.0,30.0,20.0,20.0,20.0,66.7,66.7
2025-04-15,8,9,5,3,0,3,0,3,3,0,6,6,5,2,0.0,75.0,37.5,37.5,37.5,50.0,60.0
2025-04-17,9,4,4,4,0,4,0,4,0,0,4,4,5,0,0.0,44.4,44.4,44.4,44.4,100.0,100.0
2025-04-21,11,8,6,6,0,6,0,6,2,0,8,8,5,0,0.0,72.7,54.5,54.5,54.5,75.0,100.0
2025-04-22,8,9,6,4,0,4,1,5,2,0,7,7,3,1,0.0,87.5,50.0,50.0,62.5,71.4,83.3
2025-04-28,9,8,7,7,0,7,0,7,1,0,8,8,2,0,0.0,88.9,77.8,77.8,77.8,87.5,100.0
2025-04-29,7,7,5,5,0,5,0,5,2,0,7,7,2,0,0.0,100.0,71.4,71.4,71.4,71.4,100.0
2025-05-01,4,2,2,2,0,2,0,2,0,0,2,2,2,0,0.0,50.0,50.0,50.0,50.0,100.0,100.0
2025-05-12,10,10,8,8,0,8,0,8,2,0,10,10,2,0,0.0,100.0,80.0,80.0,80.0,80.0,100.0
2025-05-13,9,9,6,6,0,6,0,6,2,0,8,8,3,0,0.0,88.9,66.7,66.7,66.7,75.0,100.0
2025-05-14,9,8,7,5,1,6,0,6,1,0,7,7,3,1,0.0,77.8,55.6,66.7,66.7,85.7,85.7
2025-05-15,6,7,4,3,0,3,0,3,3,0,6,6,3,1,0.0,100.0,50.0,50.0,50.0,50.0,75.0
2025-05-16,5,3,3,3,0,3,0,3,0,0,3,3,2,0,0.0,60.0,60.0,60.0,60.0,100.0,100.0
2025-05-19,8,8,5,3,0,3,0,3,3,0,6,6,5,2,0.0,75.0,37.5,37.5,37.5,50.0,60.0
2025-05-22,7,6,5,5,0,5,0,5,1,0,6,6,2,0,0.0,85.7,71.4,71.4,71.4,83.3,100.0
2025-05-23,7,8,7,6,0,6,0,6,0,0,6,6,1,1,0.0,85.7,85.7,85.7,85.7,100.0,85.7
2025-05-26,7,8,5,2,1,3,0,3,3,0,6,6,4,2,0.0,85.7,28.6,42.9,42.9,50.0,60.0
2025-05-27,8,7,5,5,0,5,0,5,2,0,7,7,3,0,0.0,87.5,62.5,62.5,62.5,71.4,100.0
2025-05-28,6,7,5,5,0,5,0,5,1,0,6,6,1,0,0.0,100.0,83.3,83.3,83.3,83.3,100.0
2025-05-29,7,5,4,4,0,4,0,4,1,0,5,5,3,0,0.0,71.4,57.1,57.1,57.1,80.0,100.0
2025-05-30,8,8,5,4,0,4,0,4,3,0,7,7,4,1,0.0,87.5,50.0,50.0,50.0,57.1,80.0
2025-07-30,5,6,6,5,0,5,0,5,0,0,5,5,0,1,0.0,100.0,100.0,100.0,100.0,100.0,83.3
2025-08-01,7,6,5,4,0,4,1,5,1,0,6,6,2,0,0.0,85.7,57.1,57.1,71.4,83.3,100.0
2025-08-13,8,5,4,4,0,4,0,4,1,0,5,5,4,0,0.0,62.5,50.0,50.0,50.0,80.0,100.0
2025-08-18,7,8,6,6,0,6,0,6,1,0,7,7,1,0,0.0,100.0,85.7,85.7,85.7,85.7,100.0
2025-08-19,7,7,4,4,0,4,0,4,3,0,7,7,3,0,0.0,100.0,57.1,57.1,57.1,57.1,100.0
2025-08-20,8,7,6,6,0,6,0,6,1,0,7,7,2,0,0.0,87.5,75.0,75.0,75.0,85.7,100.0
2025-08-26,6,5,5,5,0,5,0,5,0,0,5,5,1,0,0.0,83.3,83.3,83.3,83.3,100.0,100.0
2025-08-27,5,6,6,5,0,5,0,5,0,0,5,5,0,1,0.0,100.0,100.0,100.0,100.0,100.0,83.3
2025-08-28,8,6,5,5,0,5,0,5,1,0,6,6,3,0,0.0,75.0,62.5,62.5,62.5,83.3,100.0
2025-08-29,13,13,9,9,0,9,0,9,3,0,12,12,4,0,0.0,92.3,69.2,69.2,69.2,75.0,100.0
2025-09-09,8,5,5,4,1,5,0,5,0,0,5,5,3,0,0.0,62.5,50.0,62.5,62.5,100.0,100.0
2025-09-11,8,4,3,3,0,3,0,3,1,0,4,4,5,0,0.0,50.0,37.5,37.5,37.5,75.0,100.0
2025-10-13,6,2,2,2,0,2,0,2,0,0,2,2,4,0,0.0,33.3,33.3,33.3,33.3,100.0,100.0
2025-10-16,9,8,8,8,0,8,0,8,0,0,8,8,1,0,0.0,88.9,88.9,88.9,88.9,100.0,100.0
2025-10-24,8,6,6,6,0,6,0,6,0,0,6,6,2,0,0.0,75.0,75.0,75.0,75.0,100.0,100.0
2025-11-10,7,8,7,5,0,5,0,5,0,0,5,5,2,2,0.0,71.4,71.4,71.4,71.4,100.0,71.4
2025-11-11,10,8,6,3,1,4,0,4,2,0,6,6,6,2,0.0,60.0,30.0,40.0,40.0,66.7,66.7
2025-11-13,7,6,5,5,0,5,0,5,1,0,6,6,2,0,0.0,85.7,71.4,71.4,71.4,83.3,100.0
2025-11-25,9,9,8,4,1,5,0,5,1,0,6,6,4,3,0.0,66.7,44.4,55.6,55.6,83.3,62.5
2025-11-26,8,6,5,5,0,5,0,5,1,0,6,6,3,0,0.0,75.0,62.5,62.5,62.5,83.3,100.0
2025-11-27,8,6,6,6,0,6,0,6,0,0,6,6,2,0,0.0,75.0,75.0,75.0,75.0,100.0,100.0
2025-12-01,9,7,6,6,0,6,0,6,1,0,7,7,3,0,0.0,77.8,66.7,66.7,66.7,85.7,100.0
2025-12-10,10,8,6,6,0,6,0,6,2,0,8,8,4,0,0.0,80.0,60.0,60.0,60.0,75.0,100.0
2026-01-08,9,6,4,4,0,4,0,4,2,0,6,6,5,0,0.0,66.7,44.4,44.4,44.4,66.7,100.0
2026-01-12,8,7,5,5,0,5,0,5,2,0,7,7,3,0,0.0,87.5,62.5,62.5,62.5,71.4,100.0
2026-01-14,8,6,6,6,0,6,0,6,0,0,6,6,2,0,0.0,75.0,75.0,75.0,75.0,100.0,100.0
2026-01-16,10,8,7,7,0,7,0,7,0,0,7,7,3,0,0.0,70.0,70.0,70.0,70.0,100.0,100.0
2026-01-19,8,8,5,2,1,3,0,3,3,0,6,6,5,2,0.0,75.0,25.0,37.5,37.5,50.0,60.0
2026-01-21,7,3,3,3,0,3,0,3,0,0,3,3,4,0,0.0,42.9,42.9,42.9,42.9,100.0,100.0
2026-02-20,8,2,1,1,0,1,0,1,1,0,2,2,7,0,0.0,25.0,12.5,12.5,12.5,50.0,100.0
2026-02-23,8,8,4,3,0,3,0,3,2,0,5,5,5,1,0.0,62.5,37.5,37.5,37.5,60.0,75.0
2026-02-24,7,8,7,5,0,5,0,5,0,0,5,5,2,2,0.0,71.4,71.4,71.4,71.4,100.0,71.4
2026-03-03,9,7,6,6,0,6,0,6,1,0,7,7,3,0,0.0,77.8,66.7,66.7,66.7,85.7,100.0
2026-03-09,10,9,9,9,0,9,0,9,0,0,9,9,1,0,0.0,90.0,90.0,90.0,90.0,100.0,100.0
2026-03-11,9,9,6,6,0,6,0,6,3,0,9,9,3,0,0.0,100.0,66.7,66.7,66.7,66.7,100.0
2026-03-23,7,5,5,5,0,5,0,5,0,0,5,5,2,0,0.0,71.4,71.4,71.4,71.4,100.0,100.0
2026-03-25,8,4,3,3,0,3,0,3,1,0,4,4,5,0,0.0,50.0,37.5,37.5,37.5,75.0,100.0
2026-04-01,10,3,3,3,0,3,0,3,0,0,3,3,7,0,0.0,30.0,30.0,30.0,30.0,100.0,100.0
2026-04-03,8,6,5,4,0,4,0,4,1,0,5,5,4,1,0.0,62.5,50.0,50.0,50.0,80.0,80.0
2026-04-06,9,15,10,5,0,5,0,5,3,0,8,8,4,5,0.0,88.9,55.6,55.6,55.6,62.5,50.0
2026-04-07,11,7,5,4,0,4,0,4,2,0,6,6,7,1,0.0,54.5,36.4,36.4,36.4,66.7,80.0
2026-04-13,9,4,4,3,0,3,0,3,0,0,3,3,6,1,0.0,33.3,33.3,33.3,33.3,100.0,75.0
2026-04-17,8,5,5,5,0,5,0,5,0,0,5,5,3,0,0.0,62.5,62.5,62.5,62.5,100.0,100.0
2026-04-23,8,7,6,6,0,6,0,6,1,0,7,7,2,0,0.0,87.5,75.0,75.0,75.0,85.7,100.0
2026-04-24,9,7,7,7,0,7,0,7,0,0,7,7,2,0,0.0,77.8,77.8,77.8,77.8,100.0,100.0
2026-04-27,9,13,9,5,0,5,0,5,4,0,9,9,4,4,0.0,100.0,55.6,55.6,55.6,55.6,55.6
2026-04-28,7,4,4,4,0,4,0,4,0,0,4,4,3,0,0.0,57.1,57.1,57.1,57.1,100.0,100.0
2026-04-30,7,9,7,6,0,6,0,6,1,0,7,7,1,1,0.0,100.0,85.7,85.7,85.7,85.7,85.7
2026-05-04,11,8,7,7,0,7,0,7,1,0,8,8,4,0,0.0,72.7,63.6,63.6,63.6,87.5,100.0
2026-05-12,8,10,5,4,0,4,0,4,1,1,5,5,4,1,12.5,62.5,50.0,50.0,50.0,80.0,80.0
2026-05-13,8,10,8,7,0,7,0,7,1,0,8,8,1,1,0.0,100.0,87.5,87.5,87.5,87.5,87.5
2026-05-14,8,9,9,7,0,7,0,7,0,0,7,7,1,2,0.0,87.5,87.5,87.5,87.5,100.0,77.8
2026-05-15,8,5,3,3,0,3,0,3,2,0,5,5,5,0,0.0,62.5,37.5,37.5,37.5,60.0,100.0
2026-05-19,9,7,5,5,0,5,0,5,2,0,7,7,4,0,0.0,77.8,55.6,55.6,55.6,71.4,100.0
2026-05-26,9,7,7,7,0,7,0,7,0,0,7,7,2,0,0.0,77.8,77.8,77.8,77.8,100.0,100.0
2026-06-24,9,24,8,4,0,4,1,5,1,1,6,6,4,3,11.1,66.7,44.4,44.4,55.6,83.3,62.5
2026-06-29,8,61,9,1,0,1,1,2,5,2,7,7,6,7,25.0,87.5,12.5,12.5,25.0,28.6,22.2
2026-07-08,8,51,10,4,0,4,0,4,4,2,8,8,4,6,25.0,100.0,50.0,50.0,50.0,50.0,40.0
2026-07-09,7,57,10,3,0,3,1,4,2,2,6,6,3,6,28.6,85.7,42.9,42.9,57.1,66.7,40.0
2026-07-10,9,46,9,3,0,3,0,3,4,2,7,7,6,6,22.2,77.8,33.3,33.3,33.3,42.9,33.3
